3.0309	1.6343
10.1255	0.2941
1.3551	0.9991
2.1293	1.3275
0.4709	0.3923
28.5939	8.8143
5.1129	0.7620
4.8443	3.6282
2.2088	1.5470
1.9987	1.2461
0.3456	0.1916
0.3987	0.4127
2.9409	0.2492
1.1867	0.4579
8.0307	1.4105
0.4908	0.3557
5.7314	-0.9122
5.6875	1.8081
2.6343	-0.5236
7.1106	3.4575
1.5402	0.5967
3.3537	1.5552
2.5814	1.7550
1.9137	1.1477
10.7882	-4.9039
3.0203	-1.9048
10.7780	3.9068
5.2598	-0.3978
3.8678	0.6795
4.2364	1.7551
1.8583	0.3038
9.3472	-4.4720
1.7856	1.3264
5.3011	-2.9637
13.6944	5.6640
8.9585	-3.4546
8.6356	-1.6180
10.7450	-2.5140
0.6451	-0.1852
26.0409	-10.7948
10.9094	4.5207
6.6486	3.2575
0.0559	-0.0014
0.9915	-0.4236
20.8828	-6.7746
10.2372	5.1024
4.3408	2.3221
1.0860	-0.0467
13.9913	-7.7799
6.7158	-2.0832
1.4587	0.7501
9.6697	5.0328
6.4169	2.2068
1.0262	0.0903
18.9545	-2.1908
0.0269	0.0184
1.4361	1.0362
6.3528	3.0103
1.7656	0.6053
4.1912	0.8951
1.7170	0.4834
0.8320	0.2243
17.9766	-3.0557
7.9087	2.3774
5.6503	0.9668
3.6438	1.1214
0.8650	0.2303
11.0165	-3.3869
1.3205	-0.2545
8.8179	3.0414
2.7024	-0.9426
6.1004	2.3679
3.2022	2.3311
2.8865	-0.7911
12.5566	-5.1864
19.7783	-5.9058
0.1564	-0.0822
7.2104	-2.9334
18.1407	1.8671
2.6712	1.6118
4.5381	-0.3026
8.4538	-1.6095
3.9817	-1.2895
0.3765	0.1113
13.7554	1.0589
2.7577	0.8079
1.7975	0.8184
1.2462	1.2447
1.0615	0.7680
8.9588	3.8563
1.8509	0.3390
2.8259	-1.0599
3.5317	-0.9078
0.1236	0.0790
8.4750	3.5662
4.1339	-1.0048
2.0493	0.0601
4.0041	-1.8875
6.7225	-2.9118
6.3959	1.4410
4.3816	-0.8360
5.1301	-1.6307
14.1933	-6.2806
0.0719	-0.0228
3.9868	-2.4466
5.6140	-2.4026
0.1469	-0.0631
5.0419	-0.2361
6.0775	-1.8296
1.9032	-1.2769
7.0085	-4.2424
1.3858	-0.7674
0.6912	-0.6534
1.6484	-0.3890
0.0466	0.1597
8.7206	1.1183
3.5180	0.3070
2.7941	-0.5576
8.0500	-4.8876
0.0947	0.1685
9.8006	-0.8945
14.4707	-1.3194
0.6200	0.3885
3.1461	-0.9126
1.5713	-1.1432
0.1762	-0.1432
0.2054	0.0485
10.0597	0.1020
8.7873	2.3701
0.6314	0.0665
18.3441	-5.0804
8.9532	2.7399
2.0257	0.8205
5.9964	0.2999
3.4188	1.2408
0.5760	0.0835
8.7942	-2.1931
7.5228	-3.2486
6.0670	2.2225
2.0378	0.9886
1.7173	1.2893
0.0002	0.0003
1.3394	-0.6128
16.2374	-5.0503
11.0552	-3.3079
0.1723	0.3460
7.2495	1.9431
3.2679	0.2431
4.9020	1.9633
0.6778	0.1527
10.2912	-0.1568
3.6283	-1.2596
1.6937	-0.3702
3.5078	-1.2876
1.2962	-0.6824
2.0215	-0.7669
7.9209	1.8726
5.0731	-1.2759
6.2441	0.4508
2.6388	0.4678
1.7013	-0.0127
3.4871	-1.2391
5.7889	-2.0677
0.6049	0.5182
6.0270	2.7805
9.6321	4.8144
7.5278	0.8713
12.6312	-5.1033
3.4050	-1.6511
0.4468	0.5490
6.4236	0.9577
9.4517	0.9259
7.4046	-2.3009
5.2996	-1.9205
0.3372	0.0103
2.3217	0.4980
2.6346	1.2933
4.8902	1.2909
0.7188	0.7593
13.6204	-7.0534
4.7104	-3.3546
0.8242	0.0796
9.4931	2.1093
5.4581	-1.7133
4.8010	-1.9790
2.3036	-1.3414
1.9796	0.1996
7.4191	1.7825
7.7191	0.1767
1.1130	0.2241
1.6063	-0.4301
6.1536	1.3248
3.1275	0.4243
3.1359	0.3878
0.1296	-0.0132
8.0835	4.2802
6.1484	1.4691
0.4599	0.2115
10.1541	-3.1677
5.1318	-0.2473
7.3267	5.5155
4.7084	2.9329
3.1226	2.2695
12.2781	-3.4509
5.7412	-2.4619
0.2025	0.1421
7.1562	3.4273
1.6832	0.5004
1.7090	0.2064
4.0112	-0.4538
9.3369	-1.8470
6.1227	-1.5774
0.4229	0.4503
7.5152	4.2132
1.0703	0.1073
3.3501	-0.4830
0.0151	-0.0008
1.1202	0.7198
0.1368	-0.0161
3.4257	2.2072
7.6290	3.8687
4.3953	1.3239
1.6243	0.0484
3.0457	-0.7220
2.4848	-0.6643
0.7129	0.4861
2.3284	2.3376
1.2653	0.8181
6.2596	4.0297
4.3206	0.7225
27.2186	-9.5394
5.3265	-1.8317
0.4198	-0.0001
5.0467	1.6242
2.4580	0.1188
2.5346	0.7887
1.1725	0.2011
10.5853	-6.1569
4.4394	-2.4231
1.2700	0.3678
9.8159	2.8174
4.0556	0.1564
0.6879	-0.0835
9.2444	-4.4111
7.0835	2.5753
7.1739	2.8738
1.1152	-0.0786
3.0524	-1.8650
4.8468	-2.0937
7.4015	1.4570
4.9842	0.9756
0.0188	0.0226
5.4991	-0.2748
3.7255	-1.0673
2.4625	-0.5903
0.2352	0.2078
0.9686	0.4560
6.5885	0.9893
6.5510	4.0695
4.0356	2.5672
1.9614	1.4373
7.5767	0.8046
10.6337	-0.6825
0.7818	0.8028
11.7112	1.3514
20.8920	8.7954
8.6581	2.5815
0.8545	0.6311
5.7364	-1.4099
2.2532	-0.8244
0.6288	0.2871
6.1445	3.6978
1.4848	0.4368
6.3390	1.0125
1.5812	0.1356
7.2534	-2.4742
4.0340	0.2199
5.4407	-1.9336
0.4922	0.1290
14.1206	8.1726
4.7702	0.0573
3.6649	0.6808
2.9894	0.0131
1.4841	-0.4854
5.3166	-2.0633
0.0001	0.0015
3.8010	-2.3419
1.4290	-0.4653
0.8074	-0.2863
10.8578	6.5222
3.4064	-0.4452
10.9454	-2.3693
17.1193	5.1276
12.1418	-1.0444
0.1487	0.2792
6.1938	3.7216
2.2295	1.9147
1.9430	1.8923
2.8029	0.9617
0.0042	-0.0009
10.9795	-1.5699
0.3437	0.3490
2.1668	0.8591
7.0059	2.9145
2.2498	2.1944
3.0306	0.6150
2.8765	2.0004
13.6956	-3.2273
13.5041	-6.6037
0.4859	-0.0974
1.6872	-1.0725
2.4850	0.2143
3.7435	1.5720
3.1973	0.5971
0.7357	0.0043
1.5761	-0.9534
3.5451	-0.0328
19.5688	-9.4565
2.3486	-1.0677
3.7364	-2.0162
8.1698	-4.1180
0.4282	-0.0742
1.5827	0.3863
7.6733	3.0268
1.1953	0.9387
2.1093	1.0523
1.9521	1.6388
6.0028	5.0234
10.7878	-0.4733
5.8556	1.5483
6.1883	6.0919
1.1826	1.1380
4.3238	4.1349
0.6103	0.5634
5.0781	-0.4076
8.1357	5.1529
2.6286	0.9481
5.2375	-0.5192
1.3866	-0.7934
0.2903	0.1030
1.2190	-0.5022
0.5436	-0.0369
8.4773	-3.0436
3.2260	-1.5264
0.1069	0.1514
2.7147	0.3696
7.8913	0.2966
7.3692	0.7347
4.5570	-1.4747
8.6118	-5.4325
6.9876	-2.4511
5.2080	0.9262
3.2959	2.2048
4.4778	2.4009
9.0850	1.2241
1.7760	0.0322
0.9162	-0.5639
0.0093	-0.0047
2.4137	-1.0798
3.0621	0.1487
7.9189	-3.7469
5.4972	-2.7013
1.1048	-0.1272
4.9669	-0.8131
3.8845	-1.5911
10.0844	1.4002
8.5324	3.8212
13.2624	-4.1692
7.8220	-2.7333
2.1778	-0.9590
0.2812	-0.1313
3.6807	1.2669
5.9698	1.0247
2.4454	1.0315
3.4350	0.8012
2.0260	-0.0379
6.8915	-2.0572
14.2544	-4.2478
0.2371	0.5233
3.2323	0.3921
9.0565	6.1797
2.7051	1.5798
5.5815	1.1301
8.2599	2.1613
1.2578	0.7136
1.8220	0.2625
6.5380	-2.4222
8.0927	-4.7978
0.2950	0.5337
5.5322	0.2857
6.4145	2.9224
5.2639	-1.0434
6.2366	-1.5175
8.8889	-0.8298
5.8854	0.0880
3.6424	2.4244
1.6729	1.7691
2.1788	1.2161
3.2534	1.6949
2.3908	0.8147
11.0369	-0.6744
6.3639	0.0458
7.3346	4.6658
4.3104	3.5011
3.2610	2.0110
0.8370	-0.0702
16.8805	-7.2992
14.5711	-3.9649
0.3286	0.7370
2.9250	0.4994
13.9600	5.2460
4.5631	1.3356
1.8586	1.2168
1.6979	-0.0863
8.8867	-3.1600
9.7784	-2.2383
0.3102	0.7273
3.1630	-0.1976
7.5006	3.2202
2.5843	0.6536
7.5488	0.5561
2.4602	-0.4229
2.1945	-1.5241
2.1909	-1.6608
6.2086	1.2332
9.7184	5.0960
2.8387	-0.2079
3.3246	-2.3211
2.1425	-1.0022
5.6028	1.1857
6.9688	3.0270
2.3014	-0.1527
7.0560	-1.6038
6.1899	-1.5209
1.0478	-0.0235
9.7174	5.2802
4.4627	2.5942
2.4783	1.7177
0.0090	0.0141
0.0148	-0.0020
0.3193	0.6182
1.2578	0.1250
3.5079	-1.5118
2.8473	-1.1708
0.0412	0.0230
8.0306	2.3027
2.8902	-0.6566
3.1796	0.2850
0.6168	-0.1340
8.2031	-5.5459
3.5923	-1.9267
0.5195	0.3602
6.0954	4.1639
2.9446	-0.0614
1.6952	-0.5132
0.6631	-0.0761
6.2395	-4.2595
3.4206	-1.8284
0.3890	0.3687
3.5665	2.3671
3.0031	-0.7134
2.4943	-0.0135
0.5470	0.0833
6.5441	-3.1855
2.7189	-1.6383
0.2664	0.3508
5.6396	3.4785
3.1427	-0.4658
3.9087	-0.2573
1.4434	1.0660
1.9392	1.2693
3.6496	1.8676
7.6722	1.9176
7.7739	6.9073
0.4133	-0.0314
5.9553	-3.1449
2.2654	-1.1283
0.3186	-0.0475
3.3651	0.1517
5.0637	1.5170
2.2900	0.4659
52.9802	10.3792
8.0649	2.2449
9.2173	7.7817
6.8206	-2.2160
0.0524	0.1591
7.7108	3.1230
2.7170	1.0029
3.7122	0.5609
3.0092	-0.6038
8.8310	1.0772
5.5950	-1.4135
0.5558	0.8962
3.0181	2.3842
3.0262	3.4822
1.4251	0.9360
2.5943	1.7168
1.3503	1.0344
0.9223	0.8474
4.7577	0.4009
9.3505	-0.1118
9.0506	4.6454
3.0964	1.1263
2.0753	-0.3110
13.7505	-4.4679
6.1264	2.5246
3.7656	1.1265
1.8750	-0.6906
6.6365	1.6899
2.5961	-0.9275
7.8483	-1.0746
6.3394	2.4045
3.2021	1.5107
1.7566	0.8860
4.2645	-1.1201
8.3070	2.9801
4.1305	1.0954
3.7267	0.4368
3.5867	0.3562
6.1496	-1.1893
3.4696	-0.7737
0.1143	-0.0012
7.5438	3.5925
3.4127	1.8636
6.6800	-0.6884
9.8452	-5.0578
5.3907	-4.0295
0.2486	-0.0422
1.7880	0.9631
1.5686	0.1347
2.5423	0.1892
7.6824	-3.3187
8.1010	-3.8525
0.0304	0.0205
9.4869	-2.2597
4.5117	1.5290
3.4238	-1.0216
11.3974	-3.9480
6.7021	-3.7982
0.3893	0.4116
13.6980	-1.2972
7.5937	1.2157
5.9458	-0.2492
12.6297	-2.7735
3.0437	1.1398
2.5397	1.0452
0.2634	-0.0792
11.0173	-3.8953
3.1754	-0.2029
2.8747	-0.4053
2.3331	1.7189
2.8673	-0.2646
5.2656	-0.5963
1.6642	0.8736
5.7375	-3.5114
4.3936	-3.1322
61.2649	-12.1961
0.0069	0.0100
0.0002	-0.0007
2.6136	0.1749
3.3811	0.0650
8.0391	2.6260
1.6902	0.6286
1.9323	0.7183
2.9910	-0.2403
1.1854	-0.4843
9.0877	-2.8841
0.0868	-0.0225
3.2033	-0.5214
5.0060	3.5305
1.9106	0.6802
1.7236	-0.1737
7.8259	-3.2204
5.2591	-1.4382
0.1513	0.0970
2.7455	-0.4940
8.1074	2.6801
3.6503	-0.6281
5.0182	-2.7116
2.2576	-1.1821
6.3317	-3.7690
3.9304	-2.6582
0.2358	-0.0946
5.5162	2.5169
7.0582	1.2315
11.7983	-4.2559
4.0135	-2.3854
4.9222	1.9442
4.5094	1.3500
17.4788	-8.6393
8.0094	-3.5461
5.2318	-2.0802
2.9484	-2.4826
5.6313	-2.9667
1.3857	0.5197
5.6824	1.1095
4.8300	0.3348
3.1394	0.3081
5.8134	-2.0201
5.2565	-4.0698
1.4200	0.7173
7.3413	1.7951
4.9417	-0.5172
3.2084	-0.5151
13.8832	4.6372
5.1537	1.3684
6.2208	0.7359
3.7435	-0.2994
5.8244	-2.0867
0.6729	0.2589
10.8148	3.5608
3.8016	1.1616
3.1904	-0.8100
11.3031	-6.6289
6.2331	-2.8571
0.2891	-0.2359
3.6751	1.7528
11.4140	-0.7656
3.1301	-1.1495
3.1872	0.1323
11.2323	-7.0710
9.0946	-4.2855
2.6210	-1.1288
0.4103	-0.1058
3.7840	1.5857
1.7482	0.3559
2.0658	0.1126
8.1433	-2.5083
9.0682	-2.9892
0.1899	0.1204
4.3562	1.1518
4.7002	0.7491
1.6580	0.3347
3.0991	0.2389
11.3094	-2.1415
14.9564	-1.1775
5.2296	4.6981
4.4558	1.3365
13.2311	-4.3850
13.2062	-4.8177
2.5402	1.6218
1.8686	0.0114
8.2400	1.8653
14.2215	-0.6935
1.1546	1.4616
5.3265	-1.5602
5.2705	0.4738
28.6437	11.0938
7.1049	1.7794
6.4111	5.0349
11.2378	-4.9465
0.1590	0.1622
6.1695	2.4655
9.3678	5.4507
0.1987	0.2689
6.2257	2.8737
1.5464	1.2897
1.8791	1.2398
0.2969	0.1661
7.9654	5.9798
0.7316	-0.1667
14.9843	-4.7498
5.9361	-2.4892
0.9553	0.0869
6.2665	2.9916
8.9408	3.5488
11.8059	-2.4844
4.4957	-0.4385
0.4393	0.4007
5.5837	1.5175
13.1869	-0.6854
0.0073	-0.0336
0.6714	0.3596
5.6729	1.7745
7.0715	-0.3657
4.3842	0.6474
2.2157	0.0419
4.4788	1.7711
1.5037	0.5447
4.0811	1.5101
2.1937	0.6209
9.6816	-3.0658
1.2308	-0.2619
2.3423	1.4552
19.4365	7.6447
8.8272	2.8994
4.4457	1.9688
8.9536	6.0270
2.1951	-0.3821
1.3209	-0.0507
5.4501	2.4665
1.5692	1.2256
7.7999	-0.1329
4.2035	1.0163
15.0928	8.1036
12.6982	1.5022
5.1921	3.7888
1.8583	0.6136
11.1235	-2.3970
5.9020	1.8301
5.3803	2.8623
5.6607	-1.1988
3.1752	2.6843
3.3878	2.2379
5.2010	2.4647
6.9589	1.0197
1.4890	0.8211
-0.0000	-0.0017
9.9050	-4.3806
6.6411	-2.9821
1.8951	0.4652
1.9962	0.9506
0.9678	0.2252
0.3548	-0.3204
3.2989	-1.9644
12.3596	-5.3609
2.8616	-1.3848
4.1933	-1.3075
3.4317	-0.0402
1.4199	-0.0133
2.3421	-1.1417
8.8379	-4.8126
1.5882	0.5341
4.4374	0.1045
7.5146	-1.9071
1.0678	-0.4040
1.7161	-0.2933
1.8119	-0.4333
6.8369	1.9186
2.3537	-0.8632
2.4562	-0.4688
11.5626	-3.7564
4.9890	-2.5546
0.4200	0.2941
9.9915	4.6213
3.2733	0.2757
5.0544	2.3449
0.7993	-0.0330
7.0267	-2.7333
3.0021	-1.8857
0.8196	0.5478
6.2597	3.1953
2.6761	-0.5077
4.0159	1.6781
1.2940	-0.4103
7.5499	-3.6963
3.2965	-2.1451
1.7520	-0.0302
5.7850	2.7450
3.2730	-0.5792
2.2821	1.4356
3.9449	-0.7480
8.8187	-2.9028
0.4651	-0.1352
8.2689	-2.9699
4.8874	0.5660
5.9580	2.0254
3.7283	1.2642
3.1883	-0.7929
7.4586	-2.7150
5.2727	-1.8213
7.4476	3.3232
5.1591	-0.6571
8.4635	1.3798
2.5149	-0.4963
6.6370	-2.3354
0.0098	-0.0092
9.4056	-0.4063
3.5676	-1.7960
8.7518	-1.7093
-0.0003	0.0013
3.6318	-1.2796
14.4698	-4.8126
0.3831	0.0618
3.7065	2.5684
1.6549	-0.4180
2.1913	0.1312
14.8085	-4.6037
2.1286	-0.1714
39.1489	14.8160
2.4406	0.3758
8.4663	-2.8851
6.1876	-3.6047
0.5192	0.3825
6.2764	-0.1236
4.6305	-1.5928
12.0398	1.2221
6.5872	-1.0557
0.0322	0.0198
9.3252	-5.4239
11.4414	-4.1306
0.0872	0.0062
11.0221	3.2119
1.3654	-0.7797
17.9369	-9.2424
0.4679	0.0458
4.5896	0.1903
0.8747	0.5519
11.4544	-3.1794
11.2621	-2.7758
0.5391	0.1895
3.3931	1.3685
2.1099	-0.2977
8.5681	-1.0360
5.1566	-1.0275
1.2515	0.7665
11.2363	1.9703
11.1505	5.9612
2.5459	0.8425
9.2641	2.0791
2.0536	-0.8416
6.5818	-4.5749
0.1325	0.0418
3.5170	-1.4662
8.2653	1.7118
5.9110	-0.9009
1.6770	0.1728
1.9354	-0.7319
7.7336	-5.3683
0.4700	0.4006
2.7747	-1.3387
3.8198	1.1392
3.3246	0.5067
8.4673	3.8161
6.9234	-4.3121
12.2441	-7.1094
0.7808	0.1833
4.5995	1.3653
10.6213	-1.7574
14.9495	-8.2817
2.2615	0.2686
10.2203	3.0368
12.8865	0.6706
6.3278	-2.0320
9.4289	-3.0521
4.1711	-1.4611
1.4715	0.5569
10.2618	2.0511
13.0628	0.1316
4.3321	1.5435
4.8098	-1.6666
2.0214	1.1677
2.6755	-1.6235
1.1297	-0.0109
4.4449	0.9345
1.4302	0.0681
9.3600	5.4255
2.6731	-0.5455
3.0723	-0.0859
0.3002	0.1978
7.9575	1.1788
5.3188	3.0354
3.6504	-1.3026
1.5807	0.8953
3.4102	-2.1732
3.5186	-1.6361
1.6413	0.5070
0.0398	-0.0123
4.5049	1.3630
6.4959	1.6494
2.2294	0.5722
4.3579	-3.0834
12.7039	-7.4780
6.5953	-0.3449
9.9386	0.8910
6.9404	-2.5429
1.1253	-0.3978
1.2778	-0.1605
3.0382	-0.7463
1.0974	-0.4643
0.9061	-0.5281
3.4424	-2.5456
6.3102	-3.1097
4.0288	1.1291
7.0448	1.2229
2.9197	-1.0125
1.6893	-0.4920
1.7146	-0.8763
0.4885	-0.2918
0.7902	-0.3496
7.2026	-2.9475
2.6945	-0.8950
4.4092	-2.2741
0.2117	0.1366
7.3945	0.3352
1.0755	0.1806
3.2675	1.2271
5.3006	0.8710
7.9554	-2.3537
0.7501	0.2786
5.2883	-1.7692
15.7945	8.0825
8.3167	-0.3532
11.6229	5.7496
0.5270	0.3625
2.3519	1.1590
1.5041	-0.4081
13.7735	-3.6273
6.2938	-3.5926
1.2747	1.0398
4.0234	1.6986
5.3106	0.7597
8.5789	3.4923
1.0382	-0.3031
9.4828	-2.4483
17.3330	-6.8088
1.2143	0.8625
6.0188	2.7440
3.7766	2.1144
5.9647	2.3818
0.7131	0.5154
12.3152	-2.0214
3.7696	-2.2190
0.3649	0.4342
12.7905	7.4756
4.2856	-0.6421
5.3624	-0.1453
5.4115	2.1708
3.2511	-0.6624
0.0168	0.0410
3.1593	1.5482
3.1555	1.6234
5.7892	1.3586
4.7740	-0.8549
0.6369	0.5937
4.6212	2.5200
1.7835	1.2709
2.5726	0.6985
3.8936	-0.9977
2.3190	-0.4109
6.1221	-0.4501
0.3015	0.3016
15.1856	6.0630
8.1410	3.5900
1.1478	0.0331
0.4179	0.2284
1.1432	0.5313
2.6377	1.7673
4.0818	-1.3278
0.2390	0.2296
10.5800	2.0348
1.1987	1.1949
2.6257	0.7418
1.0834	0.4637
1.6484	0.5520
7.0720	-1.7891
11.8374	4.5096
0.0583	0.0944
4.0547	0.6550
1.9729	1.8659
2.0215	0.0823
2.4916	-0.1721
6.2154	-1.0516
0.3237	0.3027
7.0654	2.5407
4.9034	-0.0523
0.0929	0.0221
3.5023	1.5517
1.1424	0.8157
2.0388	-0.9286
8.7185	-3.1799
3.9051	-0.2676
7.2959	-3.8044
3.8371	0.6612
4.2736	1.4116
6.4858	-1.8533
6.7202	-1.4974
8.5554	-3.1256
2.8042	-1.0201
15.2275	6.4378
8.6702	1.3297
5.6390	-2.1289
13.5637	5.8305
5.2024	1.4086
7.6910	1.2364
1.8538	1.4102
4.8588	-2.1687
9.2257	-1.8834
0.0460	0.0412
12.6722	4.9639
4.4341	1.4068
6.0537	0.7222
2.5120	1.6807
7.6833	-4.0647
16.5145	-1.5445
0.6301	0.1426
14.2684	3.7681
1.8805	1.1284
0.5622	0.4387
5.4229	-0.8673
6.0082	-1.2184
0.5856	0.4895
2.5577	-0.0568
12.6796	-4.0557
0.3181	0.1196
7.4939	3.0892
1.5300	0.3319
2.2616	0.9171
0.4560	0.0564
9.2602	-4.6727
1.8294	-1.3836
0.3867	0.0897
2.8566	1.4256
2.5452	1.1662
2.7100	1.7706
1.2334	0.0137
6.4581	-3.9367
2.7237	-0.9104
6.5827	2.8225
3.1543	-0.6120
3.4841	0.0916
1.3090	-0.3773
7.1180	-3.9446
2.6615	-1.8315
0.7845	-0.1542
6.5089	-0.0913
3.2128	-0.1034
6.8465	-1.0896
14.2332	-0.9746
1.5288	-0.4914
8.3446	-2.4375
4.4423	-2.7181
1.2748	0.8925
9.0330	-1.7741
3.2177	1.3314
2.9633	0.3004
2.6582	-0.4692
11.1300	-5.1541
7.1020	-4.3057
2.8365	-0.7012
9.6747	-4.1735
4.6863	-2.8530
1.6441	1.1778
3.4186	0.2880
6.6283	-3.1706
7.2780	-3.4723
5.0833	-1.9547
0.4598	0.0815
10.1321	2.4292
7.2644	3.1110
0.0093	0.0036
9.5341	-6.2832
8.0469	-4.3936
8.0443	2.3717
5.4785	-0.1622
8.5256	-4.1403
9.1839	-3.6555
13.2661	-2.7802
11.0728	3.1630
4.1519	-1.1002
5.6771	-2.6431
2.8280	-0.2522
4.0095	0.0396
2.3899	-0.4286
2.8522	0.9277
7.4324	-2.6229
2.7550	-1.5886
8.3868	-0.6226
2.3114	0.1242
7.6303	-3.1823
11.9731	-5.1674
13.2277	2.4301
7.5495	-0.5537
2.6441	1.0273
7.8643	-0.6321
4.6093	-1.4001
8.6462	5.5966
8.0794	-1.8038
12.1072	-1.3702
4.8202	-0.6700
5.5736	0.7429
4.9590	-1.9655
7.7617	2.1512
2.7309	-1.2467
5.9513	-2.1953
3.3102	-0.7451
2.4784	-0.3520
0.2216	-0.2224
7.7909	-0.1755
4.2290	-1.1780
10.3509	6.6451
8.6104	-1.8154
1.7595	0.6141
1.1950	0.7206
9.0921	-2.1232
2.7402	1.4712
5.8941	4.4833
4.7516	2.5440
3.0342	1.4693
0.5989	-0.2505
9.3415	-5.9116
0.4569	0.0056
8.3234	3.4960
10.5809	-0.8430
1.4818	-1.0572
12.3203	-4.7169
6.0951	-1.4519
0.4778	0.0653
7.5473	3.1953
7.1998	-1.2349
0.4968	0.1417
1.7794	-0.7117
3.2228	-1.1016
10.6879	5.7628
0.0413	0.0321
1.6495	0.5888
1.9891	0.3946
2.9944	-0.9201
4.4925	-0.0805
2.1674	0.1407
4.7267	4.0080
2.7150	1.6196
3.2645	2.2102
0.9033	0.4930
6.0040	-2.1636
3.7471	-0.7267
1.7450	0.1038
10.7228	-3.6282
6.9359	-0.4005
0.5898	-0.0961
0.2682	0.2023
4.9700	2.5180
4.1211	-0.6351
6.2735	1.1999
2.3808	0.5802
5.9822	-2.5414
0.9221	-0.2387
2.9008	-1.0217
2.9509	-0.5660
2.2121	-0.8092
9.4505	4.2838
0.9959	-0.0434
10.7967	-3.6435
15.5632	-4.2670
10.5057	4.5572
3.0743	-0.2803
5.6358	1.3157
0.5584	0.0483
18.2155	-4.2351
6.3084	-3.7135
11.4605	6.0156
5.8877	-1.5500
9.0203	-1.2949
3.3901	0.1192
6.5452	-1.2738
6.7115	-0.7694
0.2290	0.3278
4.5572	2.7605
3.0255	-0.3068
2.2244	0.3399
9.1778	-2.3195
8.7309	-1.1459
8.6401	1.6507
1.6287	0.6368
1.7625	0.0381
0.7587	-0.0989
6.5551	-1.8591
3.4636	-1.8887
1.0746	-0.0639
12.2368	1.0220
8.1584	0.2306
2.3795	-0.3208
4.9892	-1.4177
4.5682	-0.7756
0.6028	0.2333
12.6423	4.4122
6.0425	0.4793
2.9494	0.8171
0.8426	-0.1283
14.4658	-2.9505
5.3973	-3.2554
1.8352	0.9565
5.5817	2.4589
4.6208	3.7002
0.7110	-0.0142
8.7678	-2.0501
6.8052	-2.3765
0.5094	-0.2342
6.4237	1.2993
10.2715	5.0769
6.3384	1.0231
0.0092	-0.0028
0.9811	0.0182
9.2721	-3.6594
13.1971	-5.5084
0.2877	-0.1002
10.3545	5.8570
2.4809	1.4511
2.3874	0.3540
7.4832	-2.2555
0.2220	0.5520
5.4441	-1.9588
13.3304	4.3914
0.9751	0.1412
9.9809	-3.5271
12.4232	2.1753
6.8883	5.6861
0.0938	-0.0696
1.8437	0.2501
5.1617	-2.5430
4.4997	-2.1603
0.7548	0.3777
3.4263	2.6123
14.5213	-1.8992
0.3235	0.1871
8.5298	1.9787
9.1476	0.6411
9.2795	-2.7285
4.3562	-1.3078
0.6006	0.4706
14.1664	6.6230
10.6198	-0.6740
91.6712	-4.6381
1.5807	-0.0994
3.9529	-1.4847
0.2401	-0.1113
2.2960	-0.9950
4.0710	0.4644
3.3913	1.1625
2.2367	1.5396
1.6692	0.7624
1.7792	0.0742
8.6921	-1.8545
0.9653	0.0835
7.6664	4.7635
3.6737	-0.2705
3.2460	2.3468
1.2893	1.0637
14.7935	-7.2799
0.9002	0.1558
8.0252	-0.3309
5.0744	1.5906
4.5631	-3.3627
2.8835	-0.6126
0.8264	0.0915
4.2193	0.7693
4.1069	1.0991
2.9653	1.4018
2.9114	-0.8143
4.4793	-1.3854
5.0580	-2.3271
4.8714	-0.1493
5.8333	-1.4884
6.5089	-2.3407
0.1500	0.0136
7.2628	-2.4097
6.1122	-1.6963
0.2553	0.0731
6.0049	1.0962
3.5061	-0.6587
12.0573	-5.6252
6.2570	-0.5969
0.5749	0.2951
4.5826	2.4439
2.7192	0.0577
1.5775	0.2130
0.5674	0.4600
0.5990	0.5913
0.0022	0.0049
0.6386	0.2594
6.1681	0.0393
3.3254	0.0412
0.1427	0.1614
4.5372	2.4904
8.5895	2.8358
2.2026	0.6465
2.3312	0.9213
15.1580	5.1495
1.7750	0.7913
2.3078	2.0231
2.0646	1.5534
1.5879	0.8645
2.6970	1.4866
6.1272	-0.6664
8.4563	-2.7003
0.2034	0.3151
2.5323	2.3504
1.4919	1.6110
3.4725	2.4873
5.8742	2.8619
2.8231	3.0377
0.7664	0.5471
5.6077	-2.3837
2.3430	-0.9328
5.3145	-0.8050
3.3104	2.0836
0.0015	0.0021
9.1473	3.5143
8.3282	0.3919
3.6884	-0.9769
11.1130	-6.4323
3.9350	-0.8215
0.6439	1.0308
8.8700	4.4232
2.4837	-0.0891
0.1151	-0.1081
10.3172	-5.5723
8.1977	-3.6265
1.1150	-0.1596
11.0088	4.4095
4.8444	0.1273
3.9620	1.0877
11.8146	-8.1905
0.3184	-0.1567
1.2522	-0.3409
4.6094	-0.7820
7.3857	-2.4340
4.9535	-3.1555
3.7038	-1.7164
0.2812	0.1825
3.3505	-1.7215
3.1161	0.6024
3.4432	0.5761
4.2698	-3.1560
6.3501	-3.8722
0.5726	-0.1740
4.0350	-0.4321
2.2311	-1.2506
3.4614	-0.1349
3.2546	0.3434
5.3770	0.1781
6.8200	-2.7923
8.6921	-3.9789
0.2669	0.3791
9.2212	4.5592
17.3398	5.1995
15.3912	-4.6135
10.7679	-2.7453
0.7084	0.3883
3.4246	1.4966
7.9162	4.2291
6.3395	0.8807
12.4629	0.0623
1.7878	-0.6766
0.3938	0.3503
1.0333	0.9052
10.3924	2.9138
2.5792	0.2438
1.6381	-0.0012
9.9370	-3.3100
8.9156	0.7759
0.1983	0.3215
8.2547	2.4795
6.3567	1.9729
1.8739	1.4459
0.8123	-0.0808
2.9031	-1.4100
0.3143	0.3827
5.9840	3.4382
4.9037	1.2991
1.9007	1.9098
1.0735	0.1928
4.4402	-0.7190
2.5624	-0.6496
0.7555	0.4090
12.7042	4.7863
3.5075	0.8645
2.6582	1.2962
3.5783	-0.5093
2.0447	-0.6556
0.8130	0.2820
9.1582	5.2374
8.2167	1.2773
3.2154	0.1444
1.5540	1.2293
1.7634	0.1590
10.2928	-2.5738
2.5950	0.7420
8.2185	3.2211
4.3747	0.2281
2.2825	0.2825
1.0723	0.2807
5.8788	-2.2876
10.1895	-4.8445
1.3348	0.8874
10.2976	5.4833
2.9632	0.4107
5.2723	-0.1906
11.7204	-3.5122
8.2308	-3.7760
2.1149	2.1631
12.3808	9.5149
4.4643	0.3032
22.7353	-5.8707
7.2117	-2.7906
0.4034	0.4569
10.9451	1.5846
3.8861	-0.1151
1.1490	-0.6259
7.3353	-2.5506
5.4553	-2.1165
6.3046	2.1236
5.7593	1.2916
2.3872	0.5148
8.5746	-5.0899
0.0001	0.0036
1.8792	-0.5869
5.0421	-2.1056
6.1058	-1.7925
4.1491	1.1606
0.8178	0.3580
2.8320	-1.3035
2.9852	-2.0306
2.3030	-0.5665
0.0302	0.0345
5.7530	3.3474
1.9648	-0.7247
4.0369	0.4191
0.0369	0.1173
2.5557	1.8135
3.0821	-2.0171
7.5802	-5.7893
1.1996	-0.6012
10.8264	-7.6128
1.9512	0.5015
4.3369	-1.8095
8.5908	3.5523
2.9582	1.2431
4.1783	-2.8411
8.6337	-6.5585
11.9672	-9.1004
5.6286	-4.1656
5.6976	-0.7895
6.5984	2.4085
5.6527	-2.6062
6.9983	-6.0004
19.1925	-13.2262
0.3628	0.1792
6.2730	-2.0206
16.0071	3.1888
12.3846	-4.0555
13.0261	-5.9564
11.3606	3.3962
2.7555	-0.0221
4.0831	0.8329
1.9981	0.7369
5.1940	-2.8212
6.2750	-2.9705
1.8274	0.9636
2.1733	1.0299
0.8626	0.7660
0.9457	-0.2309
6.1731	-1.1877
12.3663	-3.6917
4.5377	-1.1127
10.3376	5.7337
1.6081	0.4900
5.1677	-0.8344
0.6053	0.6685
13.4316	7.3407
3.9420	2.7558
4.0394	0.8624
1.4494	0.2605
6.8606	-2.6573
1.4404	0.0093
0.1297	-0.1050
14.3389	4.1167
3.5839	1.1905
3.2761	1.5541
6.6907	3.1601
5.7647	-1.5756
6.5114	-2.8902
0.3160	0.2597
16.1071	6.8252
3.6945	-0.0181
1.2447	0.9067
1.4285	1.0943
0.7002	-0.0558
7.4493	-3.5708
4.7378	-2.0119
9.0651	2.5805
2.7344	0.0798
6.7103	0.6115
1.0980	0.0838
7.8997	-3.7211
3.0571	-1.2150
11.4095	3.6087
5.3829	2.7118
3.2688	-1.1830
1.8176	-0.6046
14.4692	-5.2334
11.9968	-5.7939
0.4557	0.3239
4.8112	-0.3724
2.7771	1.1796
14.0651	4.4920
7.4378	-0.4689
2.1819	-1.0365
9.9526	-5.1472
0.7400	0.2988
10.8811	4.8920
5.8829	-1.0785
10.5011	1.6046
0.9917	-0.2438
2.7032	-1.3705
0.1815	0.1484
2.0644	-1.4993
2.3274	0.8621
13.5531	-1.5301
9.3854	3.4990
8.1561	-0.9983
3.1814	2.8780
7.6962	-1.2148
2.6013	1.9655
3.5955	-1.2773
0.5694	0.0872
5.3348	2.5624
5.2804	3.7101
2.1103	1.4302
1.4246	0.4831
1.0864	0.4842
8.7295	-0.9204
6.4772	-2.8612
0.5331	0.5018
17.7771	7.8383
2.7416	0.8046
10.4559	-2.0648
3.6949	-0.6735
13.0329	7.8712
8.5278	1.1070
2.7746	0.7660
1.5048	1.1136
1.8364	0.4174
3.4891	-1.8558
3.8097	1.3081
5.2209	-2.3751
0.4418	0.4251
12.9408	6.0620
2.8482	0.4730
1.7507	0.6906
0.4870	0.4411
3.4188	0.9211
8.4715	-2.3138
4.1189	-1.5534
0.7188	0.2016
7.7255	1.3003
8.3114	1.2499
2.7712	1.0507
0.6290	0.0960
4.5239	-1.2108
11.5294	-1.0693
7.3448	2.8879
2.2957	0.3883
5.0623	-1.1522
12.4026	0.4371
8.8634	3.3416
2.5285	0.7107
1.7825	-0.1517
17.5151	-6.8709
1.8078	0.4616
0.0546	-0.0647
6.2900	-2.5723
16.1128	-4.6797
0.6469	0.6386
30.5211	13.3557
3.6837	-0.6903
0.6701	0.7066
8.7803	1.9937
12.3213	7.0883
4.3023	3.6407
4.6632	0.2419
2.9661	1.7390
5.0180	3.6396
4.5714	2.7692
2.9275	1.5341
5.2843	-2.7455
0.3636	0.3661
0.3071	0.1625
8.2992	5.0159
2.9354	1.5558
5.0203	2.3012
5.5491	4.1385
2.4666	0.4600
5.9372	-1.9969
2.3019	0.7108
9.2412	3.7624
8.3042	5.1627
19.4804	-1.9017
0.5120	0.4506
4.4829	-2.9566
4.5551	-1.0420
5.0006	-1.7406
6.4734	0.1562
4.9411	-4.1416
4.7211	-1.4566
9.6799	-2.3842
6.4066	0.5220
3.8383	1.9733
2.8507	0.8091
0.5799	-0.5327
13.1063	-6.1803
4.8714	-2.6214
6.5113	-0.0215
15.7225	4.7409
4.3755	-1.8776
9.5083	-4.8082
5.9145	0.3373
11.0087	2.8815
2.4826	-1.3004
3.9432	-1.8371
5.1197	-2.6806
13.6234	7.3321
5.4020	-1.0686
6.8569	-1.5208
0.9709	0.3035
4.5347	-1.8925
14.8459	-0.3467
4.7154	-0.3386
9.7472	3.9489
9.8043	-4.7972
7.9724	-2.3955
1.7167	0.9493
6.4776	1.6755
5.4842	1.1663
6.8643	2.7940
1.2125	-0.4714
6.7382	-2.7627
0.5586	0.3282
10.1799	1.6617
11.5901	4.7065
4.7488	-3.0481
2.2871	1.9124
10.6081	7.3931
3.9859	-0.0036
2.1897	1.3375
4.5326	2.5850
6.2941	-1.2839
3.6203	1.9044
4.3174	1.0548
5.4283	-1.9985
8.1262	-0.0904
7.6594	5.9714
0.7998	-0.3710
3.3018	1.9349
9.7957	-2.1904
9.0723	7.7033
0.4231	0.4071
12.7970	7.3638
4.1003	3.3419
8.2784	4.4182
2.8637	2.7420
3.8471	-0.7597
11.0087	-3.5937
8.5740	-3.9505
1.7469	-0.2033
2.2671	-1.3503
11.6783	3.7527
5.2203	1.2767
0.8481	-0.1842
12.6715	3.7107
6.8968	-4.3158
9.5471	2.5215
2.3075	0.5065
4.1101	-0.7674
0.7890	0.6303
2.1961	0.8986
1.6993	1.4415
0.4555	0.3962
2.6466	2.0060
5.8585	2.1101
0.9306	1.1193
0.4176	0.2222
3.1509	0.5580
2.9330	1.4238
1.3999	0.3800
7.4979	-0.4999
1.4418	1.0563
9.4233	6.2359
3.7076	-0.5283
0.9667	0.1094
9.5887	-5.4824
1.5363	-0.2066
3.4581	-0.4408
2.5138	-0.1887
6.9291	-1.4482
4.3732	0.7815
0.2384	-0.2265
6.9618	-1.4357
4.9376	-1.3697
1.0995	0.5466
0.5046	0.4068
8.1526	4.7936
4.9436	-0.1410
5.1943	-0.1530
3.5477	0.5548
12.2724	-3.8415
3.2041	-1.3704
0.9660	0.6144
1.6910	0.5265
1.2451	0.5020
13.3189	3.7888
8.0618	0.2357
5.4463	-0.0727
2.2675	0.9964
1.8276	1.6855
3.7868	0.7798
1.1293	1.2847
0.7280	0.7842
1.1390	-0.1175
6.1610	-1.1754
2.9613	-1.0928
0.3963	0.5689
13.3030	7.1842
6.5367	2.2335
5.1155	1.2441
12.3435	-5.5024
0.0870	-0.0154
1.0582	0.1629
19.7651	7.9663
3.7209	1.2475
4.3391	2.4642
0.0667	0.0868
2.0910	0.8004
9.1049	1.3970
10.7027	-2.5457
2.2117	-0.6720
0.9525	1.1171
2.5707	0.2747
3.6110	1.7990
1.7447	1.0281
2.5015	1.2510
3.0697	2.3527
0.3789	0.2997
7.7743	-4.8016
3.3109	-1.8261
0.7379	-0.0228
3.6259	-0.4998
3.8256	-2.2333
2.7149	0.0347
6.9055	-3.0207
8.2386	-5.7883
0.6994	0.0321
6.8595	-1.5577
4.8649	0.3480
5.2486	-2.2368
5.2757	-1.7335
5.0885	-3.5993
5.0841	-2.5614
0.5534	-0.0576
3.9475	-1.2487
6.6145	-2.9874
3.1596	0.4425
4.0012	1.6560
1.1428	-0.2923
3.6201	0.4696
2.0592	-1.3300
1.3132	-0.4467
1.0810	0.3690
3.2011	-0.9839
3.2763	-0.4923
1.7545	-0.9178
3.1589	-0.2623
0.8027	-0.6609
9.3164	-4.6864
5.1529	-1.1528
4.4951	-0.6844
5.7601	-3.4077
0.5603	-0.2608
3.1684	-2.0329
4.2795	1.4558
0.1608	-0.0625
4.1249	0.4147
1.5151	1.1118
1.9920	-0.8606
3.9948	-3.0012
3.1282	-2.4569
7.8795	-1.2138
6.3148	-2.9637
1.8005	-0.1879
23.1437	0.4058
0.5826	0.4804
2.1451	0.6573
5.7512	4.0143
3.1104	1.4569
2.8496	0.8999
2.3595	0.7319
6.5910	-1.4089
4.8432	-0.3168
0.1431	0.2346
7.2067	5.7422
4.6368	2.0363
4.1648	2.6342
5.4096	-0.0827
5.7353	2.3166
1.4604	-0.4146
2.6044	-0.2839
3.0701	-2.0904
2.5776	-1.6650
0.0302	0.0345
8.6597	5.0677
2.6997	-0.5486
4.0663	-1.1067
8.3131	-0.1068
5.6338	-1.7895
6.0361	-0.5737
0.5223	0.4101
11.1241	5.6442
5.4154	-1.3694
4.8268	2.0637
3.9577	2.0697
4.8205	-1.0828
3.2769	-1.8871
0.5192	0.3726
6.1908	2.9908
10.1908	5.4340
3.2771	2.1692
5.3739	-2.1387
8.8365	-1.9890
7.3799	4.0078
8.0052	5.3930
7.4517	1.3588
7.0611	0.2026
3.3304	0.0487
6.6124	-0.1098
1.4968	-0.3892
11.4506	-0.6204
1.0755	1.5219
11.9932	8.4081
8.5683	3.8121
4.8018	0.4768
4.6935	-0.0251
3.4109	0.3517
0.0021	0.0020
9.5286	4.3860
2.6891	2.8935
0.0302	0.0345
1.6805	0.0067
1.6905	-0.3876
2.6108	0.9762
2.6591	0.8268
1.4593	0.5751
5.0978	-2.8653
0.2064	0.0385
5.4031	3.4422
1.6038	0.2240
5.5316	-1.5102
3.3639	0.6913
2.6223	0.4490
11.6118	0.5027
4.3077	-0.2162
17.0546	-0.3201
3.9364	-0.2583
9.6579	-4.2381
16.6763	-5.2885
0.5227	0.0550
18.2732	2.9762
21.4381	9.2386
1.3045	0.6469
10.5159	-3.4912
5.0336	-2.1211
7.0809	-2.5249
0.6110	-0.2614
12.9363	1.3055
5.7643	-1.2438
14.8403	-1.0107
0.8467	-0.4050
11.7534	-3.9031
8.8691	-2.4641
0.0003	0.0012
3.1419	-0.1548
6.0332	1.0107
2.9868	-0.1826
4.9721	1.1718
5.9575	-1.0295
1.6083	-0.2904
9.4952	-4.2816
3.0635	-1.8253
1.0495	-0.2834
2.3703	1.3531
4.6625	2.8832
2.5848	1.8808
1.9719	0.6319
2.7446	1.1077
4.1283	-0.2737
2.5597	-0.5424
0.1021	0.1646
5.9192	2.6734
1.7760	0.8747
0.7111	0.7168
0.8904	0.7066
0.5077	0.1505
1.3961	1.0772
1.8656	1.3314
1.9478	1.5113
2.9205	1.1447
12.5537	-4.4281
3.3935	-1.6415
8.4123	2.0331
8.9003	2.2065
14.3399	-2.7181
0.9369	-0.1572
9.3354	-1.3465
3.8432	2.6658
1.2933	0.1215
2.9129	-1.0772
5.9220	2.1291
4.2545	0.8981
6.0501	2.2601
10.2937	5.0613
3.8997	2.2005
1.4405	0.9958
1.2179	0.3358
0.0005	0.0052
0.9414	0.0797
1.0607	0.6588
0.3141	-0.0434
0.0747	0.0041
0.1494	0.0370
1.3449	-0.0624
4.2038	-0.7702
4.4648	-3.0852
0.2130	0.1557
3.2575	1.5000
9.2017	1.3379
1.7304	-0.5700
5.8752	-3.1220
8.3529	-4.5968
0.2733	0.2413
7.8573	4.3358
10.5565	-0.3176
0.6832	-0.0103
7.5489	-3.5807
6.1101	-3.0331
1.1214	0.2993
6.1671	-4.3443
2.7050	-1.8192
4.8337	-0.9818
3.0569	-0.2819
4.8959	2.0885
4.6634	-1.2126
1.9536	0.8688
1.0986	0.0102
1.1362	-0.4453
0.5532	-0.4397
5.3482	-3.0453
4.1357	-1.8149
2.9622	-0.3618
0.2693	0.0569
6.5004	0.8581
1.5520	-0.9930
6.6908	-1.4220
4.2002	-0.3460
1.5755	-0.4528
1.1978	-0.9137
2.7116	1.2766
6.7283	-4.9102
3.8566	-1.9430
8.9833	-3.8757
0.8918	-0.0528
2.0884	-0.8308
7.9405	1.5552
7.3437	-0.4361
4.2966	-1.7028
19.3028	-10.0848
6.0324	-1.3474
7.8306	1.1293
4.1586	-2.4031
1.1207	-0.6541
7.9033	-4.1808
8.0068	-0.9755
7.0937	-2.7686
0.7439	0.0243
12.3415	-8.2846
5.1666	-2.4326
3.5766	-0.6261
5.5785	-1.1265
2.9422	0.3751
7.6740	-0.3177
0.5137	-0.1415
23.2674	-7.3685
7.9745	-3.1819
0.9407	-0.3517
12.0793	-4.8005
6.0400	-2.2513
1.0845	0.2372
5.0727	1.9702
4.8704	-1.0470
1.0649	0.5247
3.4499	-1.0130
7.9921	-1.5583
3.6806	0.7109
7.4690	0.0555
1.8860	-0.1695
5.4628	-2.5582
0.3879	0.5292
10.1687	2.0748
7.0908	3.4422
2.5873	1.2981
3.5733	2.0063
5.4362	-0.4294
16.1125	-9.4943
0.3107	0.4022
10.7467	2.1990
6.0577	-1.9966
3.7812	0.0466
1.2945	0.4282
10.8955	-5.4709
0.3703	0.1671
8.8728	2.3922
3.3401	-0.8783
6.5031	-0.2451
11.0959	-0.2295
0.3683	0.4027
20.1103	11.9303
1.5592	1.8715
1.9422	1.3376
5.3142	0.5963
3.2267	1.5616
1.7751	0.4424
10.9065	-0.5605
3.3772	1.4095
4.4753	-1.1186
9.4995	5.3843
5.1112	2.7895
1.9606	1.7611
13.2928	0.1080
0.7597	0.9031
1.5597	1.0667
6.0512	4.7025
8.9098	-1.0442
2.0987	1.4446
3.0809	2.5506
4.8798	1.6045
4.7236	-1.7946
1.5312	-0.5565
3.5661	-1.3031
0.1154	0.0543
8.2834	-0.9555
10.3010	4.7186
1.6080	-0.1402
5.5582	-0.9374
2.9180	-0.9575
0.1297	-0.1050
14.5147	4.0075
3.2729	-0.9827
1.7173	0.6883
